EGTM,FlightCycle,WashingData
92.269485,1,0
92.787422,2,0
93.131676,3,0
93.257202,4,0
93.342384,5,0
93.409546,6,0
93.389458,7,0
93.27272,8,0
93.075943,9,0
92.816093,10,0
92.487297,11,0
92.14093,12,0
91.808197,13,0
91.510376,14,0
91.256447,15,0
91.023514,16,0
90.828156,17,0
90.646576,18,0
90.456032,19,0
90.246597,20,0
90.007202,21,0
89.741722,22,0
89.463005,23,0
89.189919,24,0
88.923943,25,0
88.683693,26,0
88.446976,27,0
88.178932,28,0
87.873093,29,0
87.525986,30,0
87.106888,31,0
86.631546,32,0
86.143494,33,0
85.677071,34,0
85.284874,35,0
85.001472,36,0
84.847305,37,0
84.833908,38,0
84.931564,39,0
85.088158,40,0
85.300293,41,0
85.518593,42,0
85.725296,43,0
85.859177,44,0
85.900368,45,0
85.806007,46,0
85.571228,47,0
85.202019,48,0
84.71167,49,0
84.148605,50,0
83.56073,51,0
82.962692,52,0
82.406097,53,0
81.901154,54,0
81.468971,55,0
81.131683,56,0
80.887482,57,0
80.713058,58,0
80.605476,59,0
80.508835,60,0
80.396545,61,0
80.228577,62,0
80.018494,63,0
79.743736,64,0
79.4272,65,0
79.089561,66,0
78.756828,67,0
78.428719,68,0
78.13179,69,0
77.859413,70,0
77.61911,71,0
77.407928,72,0
77.196381,73,0
76.98069,74,0
76.762505,75,0
76.533417,76,0
76.292,77,0
76.009277,78,0
75.662704,79,0
75.276192,80,0
74.897995,81,0
74.549515,82,0
74.2472,83,0
73.997826,84,0
73.798454,85,0
73.621918,86,0
73.479897,87,0
73.400482,88,0
73.403542,89,0
73.476608,90,0
73.586571,91,0
73.712265,92,0
73.850372,93,0
73.963768,94,0
74.07943,95,0
74.18161,96,0
74.257065,97,0
74.290314,98,0
74.299263,99,0
74.274651,100,0
74.195045,101,0
74.062363,102,0
73.898216,103,0
73.749496,104,0
73.635368,105,0
73.570763,106,0
73.583107,107,0
73.654045,108,0
73.790039,109,0
73.991028,110,0
74.249504,111,0
74.552658,112,0
74.882957,113,0
75.239632,114,0
75.549393,115,0
75.81897,116,0
76.021759,117,0
76.156471,118,0
76.217216,119,0
76.177383,120,0
76.017769,121,0
75.762947,122,0
75.383263,123,0
74.958412,124,0
74.520195,125,0
74.115623,126,0
73.791901,127,0
73.56604,128,0
73.394913,129,0
73.288467,130,0
73.233879,131,0
73.218483,132,0
73.208626,133,0
73.19812,134,0
73.178146,135,0
73.124153,136,0
73.029114,137,0
72.865768,138,0
72.623856,139,0
72.31517,140,0
71.923447,141,0
71.472755,142,0
71.018936,143,0
70.58252,144,0
70.206505,145,0
69.90274,146,0
69.68177,147,0
69.52916,148,0
69.418411,149,0
69.377647,150,0
69.427826,151,0
69.566269,152,0
69.752541,153,0
69.987129,154,0
70.245583,155,0
70.515373,156,0
70.777756,157,0
70.99366,158,0
71.173996,159,0
71.331093,160,0
71.470139,161,0
71.603699,162,0
71.737419,163,0
71.880096,164,0
72.035027,165,0
72.213074,166,0
72.380348,167,0
72.499397,168,0
72.538017,169,0
72.528168,170,0
72.478271,171,0
72.394333,172,0
72.306976,173,0
72.191681,174,0
72.073181,175,0
71.958771,176,0
71.861206,177,0
71.776711,178,0
71.721794,179,0
71.682846,180,0
71.650635,181,0
71.618439,182,0
71.559021,183,0
71.496201,184,0
71.435349,185,0
71.371086,186,0
71.3358,187,0
71.318138,188,0
71.348503,189,0
71.399567,190,0
71.459778,191,0
71.505104,192,0
71.54393,193,0
71.543114,194,0
71.513565,195,0
71.476677,196,0
71.441589,197,0
71.434319,198,0
71.454048,199,0
71.494125,200,0
71.543777,201,0
71.573792,202,0
71.543068,203,0
71.466103,204,0
71.337128,205,0
71.19207,206,0
71.047951,207,0
70.9403,208,0
70.898689,209,0
70.93203,210,0
71.046974,211,0
71.216225,212,0
71.444046,213,0
71.68988,214,0
71.906204,215,0
72.069695,216,0
72.178772,217,0
72.220406,218,0
72.191071,219,0
72.099663,220,0
71.96125,221,0
71.754074,222,0
71.499588,223,0
71.192719,224,0
70.857468,225,0
70.474274,226,0
70.065742,227,0
69.66143,228,0
69.301819,229,0
68.999435,230,0
68.79882,231,0
68.672211,232,0
68.600632,233,0
68.572418,234,0
68.580185,235,0
68.595451,236,0
68.617447,237,0
68.650284,238,0
68.717628,239,0
68.783249,240,0
68.84716,241,0
68.889496,242,0
68.874649,243,0
68.785721,244,0
68.62394,245,0
68.414192,246,0
68.159309,247,0
67.879959,248,0
67.579208,249,0
67.288399,250,0
67.020538,251,0
66.809998,252,0
66.673798,253,0
66.612404,254,0
66.647041,255,0
66.765594,256,0
66.930542,257,0
67.088196,258,0
67.242233,259,0
67.363083,260,0
67.439972,261,0
67.466019,262,0
67.464058,263,0
67.46109,264,0
67.45536,265,0
67.475891,266,0
67.509956,267,0
67.555878,268,0
67.610199,269,0
67.653137,270,0
67.669739,271,0
67.654709,272,0
67.591095,273,0
67.470604,274,0
67.287277,275,0
67.031387,276,0
66.733231,277,0
66.413422,278,0
66.08313,279,0
65.778519,280,0
65.495979,281,0
65.246887,282,0
65.061005,283,0
64.951637,284,0
64.892052,285,0
64.857727,286,0
64.808258,287,0
64.750252,288,0
64.667244,289,0
64.573685,290,0
64.510155,291,0
64.471512,292,0
64.48391,293,0
64.516815,294,0
64.593651,295,0
64.708694,296,0
64.872017,297,0
65.062744,298,0
65.27578,299,0
65.500381,300,0
65.718834,301,0
65.926605,302,0
66.105614,303,0
66.245575,304,0
66.331741,305,0
66.337341,306,0
66.281479,307,0
66.158852,308,0
65.997894,309,0
65.794914,310,0
65.59256,311,0
65.422951,312,0
65.297844,313,0
65.245293,314,0
65.262482,315,0
65.323303,316,0
65.413918,317,0
65.511658,318,0
65.619537,319,0
65.723244,320,0
65.813347,321,0
65.872528,322,1
65.949295,323,0
66.054108,324,0
66.248634,325,0
66.588707,326,0
67.121193,327,0
67.920044,328,0
69.013466,329,0
70.412392,330,0
72.07074,331,0
73.914444,332,0
75.850624,333,0
77.765091,334,0
79.57341,335,0
81.182526,336,0
82.500801,337,0
83.508797,338,0
84.211281,339,0
84.591507,340,0
84.704384,341,0
84.591484,342,0
84.362991,343,0
84.067146,344,0
83.756447,345,0
83.491791,346,0
83.281425,347,0
83.107712,348,0
82.972801,349,0
82.872795,350,0
82.782303,351,0
82.671562,352,0
82.542435,353,0
82.368591,354,0
82.155563,355,0
81.836296,356,0
81.465904,357,0
81.029778,358,0
80.577354,359,0
80.138626,360,0
79.739136,361,0
79.407707,362,0
79.143723,363,0
78.969223,364,0
78.857674,365,0
78.843758,366,0
78.939697,367,0
79.1129,368,0
79.346756,369,0
79.630608,370,0
79.927032,371,0
80.214973,372,0
80.448051,373,0
80.615974,374,0
80.698631,375,0
80.694283,376,0
80.589874,377,0
80.409119,378,0
80.163513,379,0
79.898834,380,0
79.667458,381,0
79.495613,382,0
79.39093,383,0
79.365875,384,0
79.399063,385,0
79.455894,386,0
79.533348,387,0
79.626457,388,0
79.696396,389,0
79.749054,390,0
79.771713,391,0
79.769814,392,0
79.750084,393,0
79.727295,394,0
79.709747,395,0
79.688713,396,0
79.648201,397,0
79.585281,398,0
79.477776,399,0
79.339325,400,0
79.158005,401,0
78.91217,402,0
78.600754,403,0
78.223846,404,0
77.828468,405,0
77.452629,406,0
77.129341,407,0
76.919792,408,0
76.827728,409,0
76.83812,410,0
76.929192,411,0
77.071808,412,0
77.221466,413,0
77.360672,414,0
77.476654,415,0
77.531052,416,0
77.493103,417,0
77.362816,418,0
77.11602,419,0
76.755394,420,0
76.289474,421,0
75.762505,422,0
75.267776,423,0
74.831284,424,0
74.48616,425,0
74.25135,426,0
74.099152,427,0
73.989746,428,0
73.907814,429,0
73.82505,430,0
73.73378,431,0
73.624786,432,0
73.491577,433,0
73.355736,434,0
73.268608,435,0
73.215965,436,0
73.191612,437,0
73.185944,438,0
73.138031,439,0
73.01445,440,0
72.812981,441,0
72.552841,442,0
72.275543,443,0
71.998199,444,0
71.709045,445,0
71.430588,446,0
71.165932,447,0
70.955887,448,0
70.815269,449,0
70.762932,450,0
70.78611,451,0
70.854744,452,0
70.945953,453,0
71.018646,454,0
71.057144,455,0
71.020096,456,0
70.917244,457,0
70.787163,458,0
70.683464,459,0
70.615189,460,0
70.588715,461,0
70.645905,462,0
70.83181,463,0
71.171242,464,0
71.609955,465,0
72.102684,466,0
72.621399,467,0
73.108955,468,0
73.562592,469,0
73.99646,470,0
74.388336,471,0
74.678505,472,0
74.889137,473,0
75.032127,474,1
75.114311,475,0
75.158592,476,0
75.156746,477,0
75.131729,478,0
75.081322,479,0
75.035896,480,0
75.070999,481,0
75.219269,482,0
75.496552,483,0
75.917244,484,0
76.463074,485,0
77.089661,486,0
77.732605,487,0
78.322289,488,0
78.835701,489,0
79.189255,490,0
79.37674,491,0
79.389091,492,0
79.24807,493,0
78.993416,494,0
78.649872,495,0
78.27948,496,0
77.890251,497,0
77.508781,498,0
77.112968,499,0
76.724541,500,0
76.389862,501,0
76.096779,502,0
75.865364,503,0
75.690536,504,0
75.529572,505,0
75.364304,506,0
75.179001,507,0
74.986671,508,0
74.800331,509,0
74.581528,510,0
74.347748,511,0
74.103699,512,0
73.851273,513,0
73.605965,514,0
73.40078,515,0
73.286629,516,0
73.258186,517,0
73.311737,518,0
73.451103,519,0
73.652496,520,0
73.904884,521,0
74.230057,522,0
74.610748,523,0
75.005905,524,0
75.394356,525,0
75.745003,526,0
76.024368,527,0
76.223351,528,0
76.304405,529,0
76.249153,530,0
76.059547,531,0
75.75071,532,0
75.333801,533,0
74.820389,534,0
74.236473,535,0
73.64637,536,0
73.077682,537,0
72.603767,538,0
72.262329,539,0
72.110275,540,0
72.162819,541,0
72.378334,542,0
72.740456,543,0
73.216209,544,0
73.718529,545,0
74.197083,546,0
74.539742,547,0
74.7164,548,0
74.717804,549,0
74.52832,550,0
74.16713,551,0
73.678314,552,0
73.10569,553,0
72.509308,554,0
71.953865,555,0
71.52253,556,0
71.254211,557,0
71.191444,558,0
71.322235,559,0
71.619247,560,0
72.067307,561,0
72.581223,562,0
73.080032,563,0
73.498077,564,0
73.810471,565,0
73.99279,566,0
74.053879,567,0
74.046097,568,0
74.003242,569,0
73.968246,570,0
73.934616,571,0
73.84507,572,0
73.697075,573,0
73.517586,574,0
73.312943,575,0
73.073853,576,0
72.82238,577,0
72.56488,578,0
72.291283,579,0
72.028152,580,0
71.794724,581,0
71.598602,582,0
71.435745,583,0
71.303246,584,0
71.176643,585,0
71.075554,586,0
71.021461,587,0
71.00383,588,0
71.021896,589,0
71.081024,590,0
71.170509,591,0
71.297798,592,0
71.460335,593,0
71.660423,594,0
71.88279,595,0
72.112206,596,0
72.33223,597,0
72.535667,598,0
72.716934,599,0
72.883568,600,0
73.031349,601,0
73.152344,602,0
73.260696,603,0
73.390282,604,0
73.528076,605,0
73.682045,606,0
73.83242,607,0
73.980865,608,0
74.122765,609,0
74.268562,610,0
74.398239,611,0
74.497971,612,0
74.508102,613,0
74.42141,614,0
74.201317,615,0
73.879738,616,0
73.467796,617,0
72.998047,618,0
72.503937,619,0
72.045006,620,0
71.674309,621,0
71.400177,622,0
71.22126,623,0
71.100075,624,0
71.002586,625,0
70.896523,626,0
70.795235,627,0
70.706612,628,0
70.619431,629,0
70.561707,630,0
70.493927,631,0
70.431168,632,0
70.396248,633,0
70.384514,634,0
70.377541,635,0
70.363968,636,0
70.308182,637,0
70.19194,638,0
70.009758,639,0
69.779427,640,0
69.48217,641,0
69.119339,642,0
68.729958,643,0
68.325874,644,0
67.930428,645,0
67.556686,646,0
67.205002,647,0
66.904602,648,0
66.624092,649,0
66.352837,650,0
66.0868,651,0
65.806076,652,0
65.515747,653,0
65.230003,654,0
64.925949,655,0
64.642105,656,0
64.374901,657,0
64.118645,658,0
63.90799,659,0
63.747818,660,0
63.660328,661,0
63.625885,662,0
63.667583,663,0
63.797272,664,0
64.031418,665,0
64.369301,666,0
64.777222,667,0
65.232483,668,0
65.709297,669,0
66.156219,670,0
66.584625,671,0
66.950829,672,0
67.275558,673,0
67.543549,674,0
67.749428,675,0
67.901878,676,0
67.984627,677,0
68.008324,678,0
67.978584,679,0
67.877136,680,0
67.705833,681,0
67.469276,682,0
67.164932,683,0
66.776787,684,0
66.304955,685,0
65.777,686,0
65.187843,687,0
64.553619,688,0
63.908974,689,0
63.29977,690,0
62.755478,691,0
62.309872,692,0
62.007481,693,0
61.89296,694,0
61.982811,695,0
62.253902,696,0
62.709034,697,0
63.314056,698,0
64.081902,699,0
65.020721,700,0
66.107536,701,1
67.283577,702,0
68.489265,703,0
69.643982,704,0
70.69841,705,0
71.605499,706,0
72.364059,707,0
72.967094,708,0
73.392014,709,0
73.676971,710,0
73.898438,711,0
74.077332,712,0
74.22007,713,0
74.347458,714,0
74.491745,715,0
74.653465,716,0
74.834969,717,0
75.037399,718,0
75.232208,719,0
75.385445,720,0
75.466545,721,0
75.471046,722,0
75.379753,723,0
75.225403,724,0
75.047531,725,0
74.854187,726,0
74.660751,727,0
74.490479,728,0
74.353569,729,0
74.229958,730,0
74.11235,731,0
73.97184,732,0
73.795715,733,0
73.557678,734,0
73.263779,735,0
72.92971,736,0
72.578323,737,0
72.260292,738,0
71.978149,739,0
71.745964,740,0
71.582672,741,0
71.47879,742,0
71.420731,743,0
71.422241,744,0
71.473785,745,0
71.567078,746,0
71.665108,747,0
71.741898,748,0
71.807159,749,0
71.839973,750,0
71.846687,751,0
71.844833,752,0
71.854942,753,0
71.868271,754,0
71.881653,755,0
71.906219,756,0
71.919304,757,0
71.909447,758,0
71.856094,759,0
71.785248,760,0
71.69632,761,0
71.605804,762,0
71.499748,763,0
71.355705,764,0
71.161842,765,0
70.910248,766,0
70.634636,767,0
70.340767,768,0
70.044182,769,0
69.745781,770,0
69.44133,771,0
69.154236,772,0
68.927727,773,0
68.761627,774,0
68.643494,775,0
68.530281,776,0
68.394043,777,0
68.219147,778,0
67.952263,779,0
67.61924,780,0
67.233772,781,0
66.828308,782,0
66.448532,783,0
66.109596,784,0
65.843063,785,0
65.687195,786,0
65.656715,787,0
65.765457,788,0
65.984314,789,0
66.282646,790,0
66.630028,791,0
66.951721,792,0
67.22139,793,0
67.380829,794,0
67.393929,795,0
67.258133,796,0
66.979332,797,0
66.581238,798,0
66.10405,799,0
65.59256,800,0
65.094353,801,0
64.633606,802,0
64.23278,803,0
63.920147,804,0
63.688961,805,0
63.555405,806,0
63.525829,807,0
63.591198,808,0
63.726826,809,0
63.906349,810,0
64.086472,811,0
64.26873,812,0
64.451874,813,0
64.628082,814,0
64.759651,815,0
64.838203,816,0
64.86834,817,0
64.824989,818,0
64.733337,819,0
64.61721,820,0
64.473663,821,0
64.315002,822,0
64.166908,823,0
64.031975,824,0
63.910629,825,0
63.79491,826,0
63.691093,827,0
63.624683,828,0
63.594887,829,0
63.615707,830,0
63.705948,831,0
63.915684,832,0
64.273972,833,0
64.756111,834,0
65.277016,835,0
65.777298,836,0
66.180183,837,0
66.477173,838,0
66.660095,839,0
66.752655,840,0
66.751633,841,0
66.640396,842,0
66.419678,843,0
66.134087,844,0
65.806717,845,0
65.477943,846,0
65.152695,847,0
64.827881,848,0
64.54068,849,0
64.280106,850,0
64.043671,851,0
63.829208,852,0
63.66185,853,0
63.519474,854,0
63.425236,855,0
63.351181,856,0
63.315586,857,0
63.284531,858,0
63.24173,859,0
63.15855,860,0
63.050415,861,0
62.939171,862,0
62.808815,863,0
62.673656,864,0
62.530903,865,0
62.370438,866,0
62.183228,867,0
61.955605,868,0
61.720528,869,0
61.480537,870,0
61.240215,871,0
60.992466,872,0
60.741074,873,0
60.47789,874,0
60.203934,875,0
59.957729,876,0
59.747814,877,0
59.576176,878,0
59.452168,879,0
59.360718,880,0
59.299007,881,0
59.307964,882,0
59.357311,883,0
59.434914,884,0
59.51461,885,0
59.580624,886,0
59.652119,887,0
59.722591,888,0
59.80267,889,0
59.906673,890,0
60.047821,891,0
60.214806,892,0
60.412926,893,0
60.620438,894,0
60.81329,895,0
60.949898,896,0
61.044411,897,0
61.111572,898,0
61.165077,899,0
61.23003,900,0
61.31982,901,0
61.430576,902,0
61.542377,903,0
61.636608,904,0
61.746475,905,0
61.850029,906,0
61.95459,907,0
62.052956,908,0
62.124584,909,0
62.143768,910,0
62.049278,911,0
61.827774,912,0
61.478443,913,0
61.015221,914,0
60.479404,915,0
59.901703,916,0
59.337433,917,0
58.83897,918,0
58.444618,919,0
58.22229,920,0
58.165668,921,0
58.245705,922,0
58.429047,923,0
58.679298,924,0
58.94688,925,0
59.178673,926,0
59.399868,927,0
59.60585,928,0
59.827534,929,0
60.078999,930,0
60.355873,931,0
60.639114,932,0
60.876621,933,0
61.028332,934,0
61.050621,935,0
60.901871,936,0
60.577793,937,0
60.068413,938,0
59.422333,939,0
58.717476,940,0
58.014835,941,0
57.369198,942,0
56.824257,943,0
56.395138,944,0
56.093822,945,0
55.91827,946,0
55.884144,947,0
55.963276,948,0
56.126987,949,0
56.331371,950,0
56.542435,951,0
56.736671,952,0
56.868439,953,0
56.915131,954,0
56.857704,955,0
56.724873,956,0
56.557404,957,0
56.365986,958,0
56.156971,959,0
55.954575,960,0
55.742153,961,0
55.517826,962,0
55.270733,963,0
55.003227,964,0
54.733673,965,0
54.436871,966,0
54.114204,967,0
53.774052,968,0
53.444279,969,0
53.186825,970,0
53.033051,971,0
52.981876,972,0
53.014557,973,0
53.115116,974,0
53.277485,975,0
53.496387,976,0
53.769726,977,0
54.078583,978,0
54.40049,979,0
54.711109,980,0
55.018154,981,0
55.327892,982,0
55.639149,983,0
55.926842,984,0
56.187328,985,0
56.405289,986,0
56.563953,987,0
56.638992,988,0
56.606514,989,0
56.479347,990,0
56.256989,991,0
55.972237,992,0
55.675434,993,0
55.3937,994,0
55.146523,995,0
54.963779,996,0
54.851372,997,0
54.796886,998,0
54.791893,999,0
54.841415,1000,0
54.906979,1001,0
54.955303,1002,0
54.96199,1003,0
54.902138,1004,0
54.771507,1005,0
54.584179,1006,0
54.364223,1007,0
54.156933,1008,0
53.976837,1009,0
53.862041,1010,0
53.829777,1011,0
53.897373,1012,0
54.055592,1013,0
54.320923,1014,0
54.68951,1015,0
55.164467,1016,0
55.730106,1017,0
56.366085,1018,0
57.028549,1019,0
57.680561,1020,0
58.257965,1021,0
58.70269,1022,0
58.927006,1023,0
58.928619,1024,0
58.721237,1025,0
58.345253,1026,0
57.870705,1027,0
57.354904,1028,0
56.840153,1029,0
56.371262,1030,0
55.986046,1031,0
55.705433,1032,0
55.542938,1033,0
55.461807,1034,0
55.43119,1035,0
55.438725,1036,0
55.399139,1037,0
55.294212,1038,0
55.126755,1039,0
54.867271,1040,0
54.518936,1041,0
54.067238,1042,0
53.534149,1043,0
52.964317,1044,0
52.395435,1045,0
51.871151,1046,0
51.459949,1047,0
51.194324,1048,0
51.090298,1049,0
51.156784,1050,0
51.382248,1051,0
51.734371,1052,0
52.134178,1053,0
52.533779,1054,0
52.84734,1055,0
53.040058,1056,0
53.127018,1057,0
53.117905,1058,0
53.069252,1059,0
53.015816,1060,0
53.001156,1061,0
53.06226,1062,0
53.224941,1063,0
53.492489,1064,0
53.85788,1065,0
54.285645,1066,0
54.74181,1067,0
55.177685,1068,0
55.541245,1069,0
55.790775,1070,0
55.926807,1071,0
55.907192,1072,0
55.755493,1073,0
55.525436,1074,0
55.269566,1075,0
54.997662,1076,0
54.74929,1077,0
54.524857,1078,0
54.326523,1079,0
54.147594,1080,0
53.969193,1081,0
53.79314,1082,0
53.643375,1083,0
53.519344,1084,0
53.420528,1085,0
53.341354,1086,0
53.292713,1087,0
53.280468,1088,0
53.266674,1089,0
53.247719,1090,0
53.230526,1091,0
53.223534,1092,0
53.223545,1093,0
53.221416,1094,0
53.237362,1095,0
53.247391,1096,0
53.19392,1097,0
53.064377,1098,0
52.834957,1099,0
52.51741,1100,0
52.131641,1101,0
51.719494,1102,0
51.316517,1103,0
50.956734,1104,0
50.666489,1105,0
50.478905,1106,0
50.427017,1107,0
50.515045,1108,0
50.743301,1109,0
51.082413,1110,0
51.502209,1111,0
51.933449,1112,0
52.329613,1113,0
52.653145,1114,0
52.888947,1115,0
53.021168,1116,0
53.012608,1117,0
52.865265,1118,0
52.572147,1119,0
52.149654,1120,0
51.617855,1121,0
51.012623,1122,0
50.419971,1123,0
49.872524,1124,0
49.380455,1125,0
48.985062,1126,0
48.720009,1127,0
48.589092,1128,0
48.604053,1129,0
48.774174,1130,0
49.12278,1131,0
49.657249,1132,0
50.373432,1133,0
51.249107,1134,0
52.270218,1135,1
53.401943,1136,0
54.60067,1137,0
55.807598,1138,0
56.971123,1139,0
58.04855,1140,0
59.035049,1141,0
59.942856,1142,0
60.842995,1143,0
61.735767,1144,0
62.593029,1145,0
63.410065,1146,0
64.197624,1147,0
64.911621,1148,0
65.509163,1149,0
65.950989,1150,0
66.258255,1151,0
66.43277,1152,0
66.503334,1153,0
66.509392,1154,0
66.463661,1155,0
66.358353,1156,0
66.224289,1157,0
66.097481,1158,0
65.964676,1159,0
65.850258,1160,0
65.781349,1161,0
65.758881,1162,0
65.77417,1163,0
65.841141,1164,0
65.936264,1165,0
66.031456,1166,0
66.12851,1167,0
66.215355,1168,0
66.312485,1169,0
66.404587,1170,0
66.471962,1171,0
66.540314,1172,0
66.644104,1173,0
66.773293,1174,0
66.94249,1175,0
67.151367,1176,0
67.376541,1177,0
67.607124,1178,0
67.782166,1179,0
67.85553,1180,0
67.831863,1181,0
67.685921,1182,0
67.406639,1183,0
67.033302,1184,0
66.608246,1185,0
66.164001,1186,0
65.744637,1187,0
65.391739,1188,0
65.125931,1189,0
64.971771,1190,0
64.900833,1191,0
64.915802,1192,0
64.991898,1193,0
65.098206,1194,0
65.200203,1195,0
65.304733,1196,0
65.394196,1197,0
65.45092,1198,0
65.441963,1199,0
65.349655,1200,0
65.177582,1201,0
64.926346,1202,0
64.60495,1203,0
64.262619,1204,0
63.95401,1205,0
63.693966,1206,0
63.491669,1207,0
63.366261,1208,0
63.318825,1209,0
63.322365,1210,0
63.361866,1211,0
63.394508,1212,0
63.425957,1213,0
63.444561,1214,0
63.433094,1215,0
63.363094,1216,0
63.259659,1217,0
63.090641,1218,0
62.866127,1219,0
62.588688,1220,0
62.254696,1221,0
61.868202,1222,0
61.431442,1223,0
60.917622,1224,0
60.336716,1225,0
59.724476,1226,0
59.114277,1227,0
58.51141,1228,0
57.933262,1229,0
57.397305,1230,0
56.913448,1231,0
56.494484,1232,0
56.160614,1233,0
55.897076,1234,0
55.702904,1235,0
55.569893,1236,0
55.510609,1237,0
55.519054,1238,0
55.551319,1239,0
55.604458,1240,0
55.676483,1241,0
55.763779,1242,0
55.868393,1243,0
55.98159,1244,0
56.062958,1245,0
56.076694,1246,0
56.005463,1247,0
55.85957,1248,0
55.654213,1249,0
55.411671,1250,0
55.150524,1251,0
54.886627,1252,0
54.612724,1253,0
54.345703,1254,0
54.098324,1255,0
53.904453,1256,0
53.735699,1257,0
53.603008,1258,0
53.495903,1259,0
53.402695,1260,0
53.329666,1261,0
53.27314,1262,0
53.24118,1263,0
53.237495,1264,0
53.285316,1265,0
53.365623,1266,0
53.472904,1267,0
53.615788,1268,0
53.78458,1269,0
53.962624,1270,0
54.133461,1271,0
54.30006,1272,0
54.446091,1273,0
54.562279,1274,0
54.656704,1275,0
54.722015,1276,0
54.744389,1277,0
54.743961,1278,0
54.707752,1279,0
54.620384,1280,0
54.500301,1281,0
54.352203,1282,0
54.190655,1283,0
54.012905,1284,0
53.803238,1285,0
53.59127,1286,0
53.403255,1287,0
53.245152,1288,0
53.136383,1289,0
53.091602,1290,0
53.124741,1291,0
53.231861,1292,0
53.403542,1293,0
53.635231,1294,0
53.952354,1295,0
54.340034,1296,0
54.78772,1297,0
55.300217,1298,0
55.884491,1299,0
56.526371,1300,0
57.207733,1301,0
57.871857,1302,0
58.477989,1303,0
58.959591,1304,0
59.338013,1305,0
59.567539,1306,0
59.622425,1307,0
59.472656,1308,0
59.107178,1309,0
58.543724,1310,0
57.85849,1311,0
57.135101,1312,0
56.432106,1313,0
55.803932,1314,0
55.26619,1315,0
54.86544,1316,0
54.603901,1317,0
54.468048,1318,0
54.441635,1319,0
54.482216,1320,0
54.538223,1321,0
54.57505,1322,0
54.586552,1323,0
54.525307,1324,0
54.360615,1325,0
54.094692,1326,0
53.742165,1327,0
53.333336,1328,0
52.91235,1329,0
52.53857,1330,0
52.238995,1331,0
52.03812,1332,0
51.907093,1333,0
51.829979,1334,0
51.808224,1335,0
51.818951,1336,0
51.869896,1337,0
51.933926,1338,0
52.006912,1339,0
52.094952,1340,0
52.185837,1341,0
52.275459,1342,0
52.363541,1343,0
52.46233,1344,0
52.549644,1345,0
52.627865,1346,0
52.702274,1347,0
52.776051,1348,0
52.83588,1349,0
52.848587,1350,0
52.796021,1351,0
52.716751,1352,0
52.62632,1353,0
52.525078,1354,0
52.426476,1355,0
52.349632,1356,0
52.282162,1357,0
52.242149,1358,0
52.24139,1359,0
52.307335,1360,0
52.43124,1361,0
52.606098,1362,0
52.808033,1363,0
53.020592,1364,0
53.232662,1365,0
53.424282,1366,0
53.606125,1367,0
53.7868,1368,0
53.981251,1369,0
54.210464,1370,0
54.474998,1371,0
54.782398,1372,0
55.163685,1373,0
55.616138,1374,0
56.096413,1375,0
56.574242,1376,0
56.979614,1377,0
57.272686,1378,0
57.425125,1379,0
57.427979,1380,0
57.297169,1381,0
57.021259,1382,0
56.632149,1383,0
56.190014,1384,0
55.766823,1385,0
55.386269,1386,0
55.073658,1387,0
54.814991,1388,0
54.603024,1389,0
54.414764,1390,0
54.234062,1391,0
54.071377,1392,0
53.916439,1393,0
53.787121,1394,0
53.680798,1395,0
53.582325,1396,0
53.492691,1397,0
53.425926,1398,0
53.379383,1399,0
53.357368,1400,0
53.378963,1401,0
53.446026,1402,0
53.575619,1403,0
53.768265,1404,0
54.014004,1405,0
54.264111,1406,0
54.465176,1407,0
54.595142,1408,0
54.635117,1409,0
54.581753,1410,0
54.432377,1411,0
54.193348,1412,0
53.905697,1413,0
53.583935,1414,0
53.234547,1415,0
52.863827,1416,0
52.476212,1417,0
52.10527,1418,0
51.755367,1419,0
51.447948,1420,0
51.216724,1421,0
51.08456,1422,0
51.058693,1423,0
51.122574,1424,0
51.257793,1425,0
51.425243,1426,0
51.574432,1427,0
51.664707,1428,0
51.674858,1429,0
51.623466,1430,0
51.522163,1431,0
51.403786,1432,0
51.29203,1433,0
51.205143,1434,0
51.132511,1435,0
51.083881,1436,0
51.062397,1437,0
51.071655,1438,0
51.129879,1439,0
51.245419,1440,0
51.419971,1441,0
51.64949,1442,0
51.920288,1443,0
52.222862,1444,0
52.514435,1445,0
52.769604,1446,0
52.963505,1447,0
53.074196,1448,0
53.081944,1449,0
52.967163,1450,0
52.760574,1451,0
52.496002,1452,0
52.19537,1453,0
51.887463,1454,0
51.578583,1455,0
51.257851,1456,0
50.930328,1457,0
50.611629,1458,0
50.27898,1459,0
49.941967,1460,0
49.606846,1461,0
49.289433,1462,0
48.991161,1463,0
48.70668,1464,0
48.459209,1465,0
48.233498,1466,0
48.048641,1467,0
47.933983,1468,0
47.905102,1469,0
47.971645,1470,0
48.143417,1471,0
48.429966,1472,0
48.828663,1473,0
49.356434,1474,0
50.052879,1475,0
50.948975,1476,0
52.057301,1477,1
53.355034,1478,0
54.798084,1479,0
56.320766,1480,0
57.840034,1481,0
59.299103,1482,0
60.671513,1483,0
61.898155,1484,0
62.960835,1485,0
63.851665,1486,0
64.545776,1487,0
65.064262,1488,0
65.428207,1489,0
65.665787,1490,0
65.782074,1491,0
65.761978,1492,0
65.609444,1493,0
65.375351,1494,0
65.103973,1495,0
64.807251,1496,0
64.540588,1497,0
64.31028,1498,0
64.103317,1499,0
63.912045,1500,0
63.744244,1501,0
63.61961,1502,0
63.498272,1503,0
63.362782,1504,0
63.226109,1505,0
63.094307,1506,0
62.982025,1507,0
62.88475,1508,0
62.809723,1509,0
62.751591,1510,0
62.714756,1511,0
62.696583,1512,0
62.658791,1513,0
62.594303,1514,0
62.452442,1515,0
62.207577,1516,0
61.87825,1517,0
61.488068,1518,0
61.072582,1519,0
60.662857,1520,0
60.272106,1521,0
59.903427,1522,0
59.571693,1523,0
59.281143,1524,0
59.066776,1525,0
58.932167,1526,0
58.881474,1527,0
58.923492,1528,0
59.053497,1529,0
59.289188,1530,0
59.615108,1531,0
60.005726,1532,0
60.396084,1533,0
60.742882,1534,0
61.017349,1535,0
61.201958,1536,0
61.314529,1537,0
61.367062,1538,0
61.378571,1539,0
61.375977,1540,0
61.375057,1541,0
61.400078,1542,0
61.423264,1543,0
61.436283,1544,0
61.407211,1545,0
61.320602,1546,0
61.181187,1547,0
61.003105,1548,0
60.796032,1549,0
60.593262,1550,0
60.445518,1551,0
60.345665,1552,0
60.322842,1553,0
60.379166,1554,0
60.498314,1555,0
60.652477,1556,0
60.788124,1557,0
60.886528,1558,0
60.942642,1559,0
60.928589,1560,0
60.865665,1561,0
60.784477,1562,0
60.684013,1563,0
60.588852,1564,0
60.528427,1565,0
60.516056,1566,0
60.55867,1567,0
60.643608,1568,0
60.760399,1569,0
60.854107,1570,0
60.937675,1571,0
61.00251,1572,0
61.056431,1573,0
61.094494,1574,0
61.106964,1575,0
61.101578,1576,0
61.081383,1577,0
61.082775,1578,0
61.088802,1579,0
61.120106,1580,0
61.16608,1581,0
61.196812,1582,0
61.202267,1583,0
61.143814,1584,0
60.9935,1585,0
60.740997,1586,0
60.371876,1587,0
59.884628,1588,0
59.281559,1589,0
58.584118,1590,0
57.847256,1591,0
57.120968,1592,0
56.446953,1593,0
55.882378,1594,0
55.478565,1595,0
55.236324,1596,0
55.154469,1597,0
55.222431,1598,0
55.421837,1599,0
55.724003,1600,0
56.112915,1601,0
56.527813,1602,0
56.945034,1603,0
57.343052,1604,0
57.712635,1605,0
58.055683,1606,0
58.394581,1607,0
58.727833,1608,0
59.06546,1609,0
59.392567,1610,0
59.700577,1611,0
59.966381,1612,0
60.192509,1613,0
60.385147,1614,0
60.558437,1615,0
60.73856,1616,0
60.918739,1617,0
61.094429,1618,0
61.251419,1619,0
61.42667,1620,0
61.646118,1621,0
61.860233,1622,0
62.136173,1623,0
62.453838,1624,0
62.776581,1625,0
63.085186,1626,0
63.328022,1627,0
63.517452,1628,0
63.620766,1629,0
63.635536,1630,0
63.583176,1631,0
63.476425,1632,0
63.307564,1633,0
63.083412,1634,0
62.813076,1635,0
62.500477,1636,0
62.184357,1637,0
61.876747,1638,0
61.620068,1639,0
61.355751,1640,0
61.088535,1641,0
60.800072,1642,0
60.46899,1643,0
60.074528,1644,0
59.579784,1645,0
58.971333,1646,0
58.257534,1647,0
57.46376,1648,0
56.628651,1649,0
55.819424,1650,0
55.044945,1651,0
54.297874,1652,0
53.580044,1653,0
52.895771,1654,0
52.241661,1655,0
51.633144,1656,0
51.079666,1657,0
50.590443,1658,0
50.201694,1659,0
49.878204,1660,0
49.649879,1661,0
49.540218,1662,0
49.557926,1663,0
49.720428,1664,0
50.041183,1665,0
50.497139,1666,0
51.051483,1667,0
51.630161,1668,0
52.168995,1669,0
52.640541,1670,0
53.031719,1671,0
53.347656,1672,0
53.578194,1673,0
53.75132,1674,0
53.897408,1675,0
53.990879,1676,0
54.03413,1677,0
54.06168,1678,0
54.096123,1679,0
54.177841,1680,0
54.332985,1681,0
54.56958,1682,0
54.888599,1683,0
55.273911,1684,0
55.66164,1685,0
56.002789,1686,0
56.267788,1687,0
56.418636,1688,0
56.401852,1689,0
56.231468,1690,0
55.931938,1691,0
55.530766,1692,0
55.081089,1693,0
54.609554,1694,0
54.155869,1695,0
53.743362,1696,0
53.380421,1697,0
53.091328,1698,0
52.892811,1699,0
52.800903,1700,0
52.843605,1701,0
53.045708,1702,0
53.410538,1703,0
53.937481,1704,1
54.619564,1705,0
55.41729,1706,0
56.318501,1707,0
57.273281,1708,0
58.214165,1709,0
59.078915,1710,0
59.867027,1711,0
60.534161,1712,0
61.083912,1713,0
61.498314,1714,0
61.761982,1715,0
61.88583,1716,0
61.884727,1717,0
61.804588,1718,0
61.677246,1719,0
61.516167,1720,0
61.361061,1721,0
61.236103,1722,0
61.162231,1723,0
61.134815,1724,0
61.131229,1725,0
61.165386,1726,0
61.250576,1727,0
61.361103,1728,0
61.499855,1729,0
61.651386,1730,0
61.822399,1731,0
61.982426,1732,0
62.115654,1733,0
62.192627,1734,0
62.205967,1735,0
62.149677,1736,0
62.056046,1737,0
61.948055,1738,0
61.843903,1739,0
61.740292,1740,0
61.626102,1741,0
61.495461,1742,0
61.374516,1743,0
61.258125,1744,0
61.153305,1745,0
61.054855,1746,0
60.975475,1747,0
60.928345,1748,0
60.889786,1749,0
60.850136,1750,0
60.808346,1751,0
60.752411,1752,0
60.68568,1753,0
60.649792,1754,0
60.633045,1755,0
60.650776,1756,0
60.723351,1757,0
60.838013,1758,0
60.982277,1759,0
61.151413,1760,0
61.329357,1761,0
61.511253,1762,0
61.666191,1763,0
61.774082,1764,0
61.795547,1765,0
61.7104,1766,0
61.511024,1767,0
61.225899,1768,0
60.909424,1769,0
60.580231,1770,0
60.297123,1771,0
60.079052,1772,0
59.909767,1773,0
59.796242,1774,0
59.693584,1775,0
59.559502,1776,0
59.408249,1777,0
59.251652,1778,0
59.106445,1779,0
59.012104,1780,0
58.968849,1781,0
58.967499,1782,0
58.967735,1783,0
58.95993,1784,0
58.936562,1785,0
58.909458,1786,0
58.857826,1787,0
58.773251,1788,0
58.661728,1789,0
58.535778,1790,0
58.398075,1791,0
58.257614,1792,0
58.116772,1793,0
57.966854,1794,0
57.808819,1795,0
57.643749,1796,0
57.450321,1797,0
57.225739,1798,0
56.950035,1799,0
56.646217,1800,0
56.328526,1801,0
56.01466,1802,0
55.714581,1803,0
55.464512,1804,0
55.25956,1805,0
55.096989,1806,0
54.99416,1807,0
54.9375,1808,0
54.923126,1809,0
54.955971,1810,0
55.019844,1811,0
55.090771,1812,0
55.171162,1813,0
55.244816,1814,0
55.314003,1815,0
55.379513,1816,0
55.425083,1817,0
55.428726,1818,0
55.387806,1819,0
55.288383,1820,0
55.146217,1821,0
54.943745,1822,0
54.678505,1823,0
54.339066,1824,0
53.938576,1825,0
53.484287,1826,0
53.027115,1827,0
52.581734,1828,0
52.141476,1829,0
51.7715,1830,0
51.489765,1831,0
51.297848,1832,0
51.197697,1833,0
51.18729,1834,0
51.257877,1835,0
51.425274,1836,0
51.662769,1837,0
51.943485,1838,0
52.242245,1839,0
52.486309,1840,0
52.657181,1841,0
52.742626,1842,0
52.750656,1843,0
52.694283,1844,0
52.588989,1845,0
52.469112,1846,0
52.354736,1847,0
52.276993,1848,0
52.263233,1849,0
52.359093,1850,0
52.564838,1851,0
52.876514,1852,0
53.26524,1853,0
53.710026,1854,0
54.174305,1855,0
54.643845,1856,0
55.096558,1857,0
55.509823,1858,0
55.863026,1859,0
56.118492,1860,0
56.273163,1861,0
56.330196,1862,0
56.303112,1863,0
56.223995,1864,0
56.086369,1865,0
55.910545,1866,0
55.685848,1867,0
55.42617,1868,0
55.141685,1869,0
54.854916,1870,0
54.584808,1871,0
54.315971,1872,0
54.048847,1873,0
53.807751,1874,0
53.597084,1875,0
53.426022,1876,0
53.310867,1877,0
53.217762,1878,0
53.169609,1879,0
53.168556,1880,0
53.215172,1881,0
53.302589,1882,0
53.41436,1883,0
53.556915,1884,0
53.695278,1885,0
53.803844,1886,0
53.889347,1887,0
53.960869,1888,0
54.009155,1889,0
54.012009,1890,0
53.972912,1891,0
53.876163,1892,0
53.739635,1893,0
53.56826,1894,0
53.390804,1895,0
53.218239,1896,0
53.062489,1897,0
52.919765,1898,0
52.784634,1899,0
52.659622,1900,0
52.523346,1901,0
52.394161,1902,0
52.248547,1903,0
52.103565,1904,0
51.961166,1905,0
51.829048,1906,0
51.711632,1907,0
51.625801,1908,0
51.585426,1909,0
51.588348,1910,0
51.655888,1911,0
51.794956,1912,0
51.996204,1913,0
52.235332,1914,0
52.485752,1915,0
52.692001,1916,0
52.824215,1917,0
52.862755,1918,0
52.819706,1919,0
52.718407,1920,0
52.558773,1921,0
52.359032,1922,0
52.144203,1923,0
51.95742,1924,0
51.835503,1925,0
51.776859,1926,0
51.777607,1927,0
51.826122,1928,0
51.887383,1929,0
51.922695,1930,0
51.915905,1931,0
51.853973,1932,0
51.725658,1933,0
51.50935,1934,0
51.196007,1935,0
50.815865,1936,0
50.414047,1937,0
50.012794,1938,0
49.633888,1939,0
49.286102,1940,0
48.962662,1941,0
48.660255,1942,0
48.365093,1943,0
48.106781,1944,0
47.909706,1945,0
47.780087,1946,0
47.720375,1947,0
47.72131,1948,0
47.760815,1949,0
47.796703,1950,0
47.82132,1951,0
47.8297,1952,0
47.818127,1953,0
47.779751,1954,0
47.698673,1955,0
47.580551,1956,0
47.433804,1957,0
47.276962,1958,0
47.124672,1959,0
47.005756,1960,0
46.929955,1961,0
46.902851,1962,0
46.894615,1963,0
46.911747,1964,0
46.956303,1965,0
47.012154,1966,0
47.084591,1967,0
47.192265,1968,0
47.348316,1969,0
47.572533,1970,0
47.885601,1971,0
48.298805,1972,0
48.8209,1973,0
49.441807,1974,1
50.119747,1975,0
50.836475,1976,0
51.549049,1977,0
52.227379,1978,0
52.858013,1979,0
53.398842,1980,0
53.841251,1981,0
54.194027,1982,0
54.432983,1983,0
54.558006,1984,0
54.596836,1985,0
54.549438,1986,0
54.459122,1987,0
54.347939,1988,0
54.226387,1989,0
54.10815,1990,0
53.971085,1991,0
53.822811,1992,0
53.67918,1993,0
53.543793,1994,0
53.431744,1995,0
53.347885,1996,0
53.284096,1997,0
53.225296,1998,0
53.201412,1999,0
53.21117,2000,0
53.273685,2001,0
53.382095,2002,0
53.533913,2003,0
53.724972,2004,0
53.934288,2005,0
54.151142,2006,0
54.340458,2007,0
54.503876,2008,0
54.612091,2009,0
54.657646,2010,0
54.630024,2011,0
54.54689,2012,0
54.425682,2013,0
54.324757,2014,0
54.316097,2015,0
54.395824,2016,0
54.559952,2017,0
54.77853,2018,0
55.029797,2019,0
55.265915,2020,0
55.434433,2021,0
55.519093,2022,0
55.490582,2023,0
55.332962,2024,0
55.033016,2025,0
54.637047,2026,0
54.171524,2027,0
53.653675,2028,0
53.125332,2029,0
52.617966,2030,0
52.163158,2031,0
51.778263,2032,0
51.4664,2033,0
51.219772,2034,0
51.006046,2035,0
50.800858,2036,0
50.604683,2037,0
50.410538,2038,0
50.232567,2039,0
50.086273,2040,0
49.938961,2041,0
49.79192,2042,0
49.661293,2043,0
49.547684,2044,0
49.479492,2045,0
49.465012,2046,0
49.529587,2047,0
49.679726,2048,0
49.884277,2049,0
50.120556,2050,0
50.377533,2051,0
50.650429,2052,0
50.922794,2053,0
51.17828,2054,0
51.411968,2055,0
51.657246,2056,0
51.906792,2057,0
52.194393,2058,0
52.551319,2059,0
53.004993,2060,0
53.549583,2061,0
54.187729,2062,0
54.928158,2063,0
55.723732,2064,0
56.55703,2065,0
57.426823,2066,0
58.300125,2067,0
59.1558,2068,0
59.965652,2069,0
60.734585,2070,0
61.456821,2071,0
62.143883,2072,0
62.808922,2073,0
63.441238,2074,0
63.967339,2075,0
64.390228,2076,0
64.681305,2077,0
64.840981,2078,0
64.845154,2079,0
64.664314,2080,0
64.300781,2081,0
63.773823,2082,0
63.125622,2083,0
62.417084,2084,0
61.719276,2085,0
61.101475,2086,0
60.604416,2087,0
60.238213,2088,0
59.999268,2089,0
59.877518,2090,0
59.849411,2091,0
59.851978,2092,0
59.845757,2093,0
59.788815,2094,0
59.647491,2095,0
59.440975,2096,0
59.170551,2097,0
58.852539,2098,0
58.549606,2099,0
58.314907,2100,0
58.174957,2101,0
58.13298,2102,0
58.178436,2103,0
58.301254,2104,0
58.432129,2105,0
58.571571,2106,0
58.730534,2107,0
58.879929,2108,0
59.0513,2109,0
59.270176,2110,0
59.508163,2111,0
59.742134,2112,0
59.96904,2113,0
60.187202,2114,0
60.400177,2115,0
60.609097,2116,0
60.809711,2117,0
61.037453,2118,0
61.273506,2119,0
61.537407,2120,0
61.836239,2121,0
62.169422,2122,0
62.525482,2123,0
62.891747,2124,0
63.229141,2125,0
63.519264,2126,0
63.681068,2127,0
63.684948,2128,0
63.54414,2129,0
63.249474,2130,0
62.840824,2131,0
62.354904,2132,0
61.864727,2133,0
61.45285,2134,0
61.124302,2135,0
60.911755,2136,0
60.81916,2137,0
60.821991,2138,0
60.899784,2139,0
60.990971,2140,0
61.058792,2141,0
61.080273,2142,0
61.048798,2143,0
60.950825,2144,0
60.773815,2145,0
60.515038,2146,0
60.198063,2147,0
59.846962,2148,0
59.488346,2149,0
59.125992,2150,0
58.77956,2151,0
58.45837,2152,0
58.161575,2153,0
57.889103,2154,0
57.639477,2155,0
57.377079,2156,0
57.031708,2157,0
56.572498,2158,0
56.048256,2159,0
55.464733,2160,0
54.834915,2161,0
54.166328,2162,0
53.495327,2163,0
52.844917,2164,0
52.225216,2165,0
51.65794,2166,0
51.151035,2167,0
50.7108,2168,0
50.339062,2169,0
50.04163,2170,0
49.81649,2171,0
49.659809,2172,0
49.558468,2173,0
49.499344,2174,0
49.477779,2175,0
49.487026,2176,0
49.515938,2177,0
49.52478,2178,0
49.502266,2179,0
49.436752,2180,0
49.31918,2181,0
49.164356,2182,0
48.978588,2183,0
48.764248,2184,0
48.515324,2185,0
48.231602,2186,0
47.937454,2187,0
47.65274,2188,0
47.382137,2189,0
47.139137,2190,0
46.915752,2191,0
46.714489,2192,0
46.534389,2193,0
46.377365,2194,0
46.236031,2195,0
46.115788,2196,0
46.023472,2197,0
45.974987,2198,0
45.976162,2199,0
46.038597,2200,0
46.162045,2201,0
46.348534,2202,0
46.583447,2203,0
46.863781,2204,0
47.176128,2205,0
47.502254,2206,0
47.831791,2207,0
48.173935,2208,0
48.527145,2209,0
48.911301,2210,0
49.347832,2211,0
49.852982,2212,0
50.469009,2213,0
51.207626,2214,0
52.059795,2215,1
52.96875,2216,0
53.892578,2217,0
54.782681,2218,0
55.61367,2219,0
56.35437,2220,0
56.984509,2221,0
57.492447,2222,0
57.87822,2223,0
58.154991,2224,0
58.338165,2225,0
58.459869,2226,0
58.527576,2227,0
58.550243,2228,0
58.571625,2229,0
58.583603,2230,0
58.606003,2231,0
58.689743,2232,0
58.864586,2233,0
59.127979,2234,0
59.495239,2235,0
59.951591,2236,0
60.478359,2237,0
61.039616,2238,0
61.598644,2239,0
62.111683,2240,0
62.537636,2241,0
62.855072,2242,0
63.070229,2243,0
63.224342,2244,0
63.326202,2245,0
63.401455,2246,0
63.477551,2247,0
63.545284,2248,0
63.638065,2249,0
63.750576,2250,0
63.839527,2251,0
63.88179,2252,0
63.88398,2253,0
63.826405,2254,0
63.72752,2255,0
63.629692,2256,0
63.550587,2257,0
63.525528,2258,0
63.533504,2259,0
63.560944,2260,0
63.602707,2261,0
63.655094,2262,0
63.695313,2263,0
63.718994,2264,0
63.708706,2265,0
63.636562,2266,0
63.515762,2267,0
63.332672,2268,0
63.116993,2269,0
62.917461,2270,0
62.724171,2271,0
62.554195,2272,0
62.417553,2273,0
62.302147,2274,0
62.200649,2275,0
62.084225,2276,0
61.942562,2277,0
61.757172,2278,0
61.506481,2279,0
61.195099,2280,0
60.885529,2281,0
60.59124,2282,0
60.356392,2283,0
60.192192,2284,0
60.089722,2285,0
60.011253,2286,0
59.928673,2287,0
59.824772,2288,0
59.713779,2289,0
59.593956,2290,0
59.470158,2291,0
59.334354,2292,0
59.184994,2293,0
59.021412,2294,0
58.849411,2295,0
58.674328,2296,0
58.500473,2297,0
58.352787,2298,0
58.255184,2299,0
58.198486,2300,0
58.178566,2301,0
58.19706,2302,0
58.243828,2303,0
58.297993,2304,0
58.381668,2305,0
58.460552,2306,0
58.544369,2307,0
58.588036,2308,0
58.568813,2309,0
58.528999,2310,0
58.469872,2311,0
58.434071,2312,0
58.416801,2313,0
58.396885,2314,0
58.375553,2315,0
58.349926,2316,0
58.351349,2317,0
58.368011,2318,0
58.406689,2319,0
58.473228,2320,0
58.510258,2321,0
58.523643,2322,0
58.509998,2323,0
58.461563,2324,0
58.388531,2325,0
58.324574,2326,0
58.268692,2327,0
58.25317,2328,0
58.287407,2329,0
58.337448,2330,0
58.388672,2331,0
58.427715,2332,0
58.467804,2333,0
58.472637,2334,0
58.428967,2335,0
58.344749,2336,0
58.191322,2337,0
57.989609,2338,0
57.750069,2339,0
57.524315,2340,0
57.346691,2341,0
57.216908,2342,0
57.147148,2343,0
57.115971,2344,0
57.121796,2345,0
57.174335,2346,0
57.290482,2347,0
57.448727,2348,0
57.626392,2349,0
57.802753,2350,0
57.961899,2351,0
58.113693,2352,0
58.237671,2353,0
58.331367,2354,0
58.385242,2355,0
58.410297,2356,0
58.376446,2357,0
58.287045,2358,0
58.153908,2359,0
57.991119,2360,0
57.804127,2361,0
57.60347,2362,0
57.411583,2363,0
57.261364,2364,0
57.144997,2365,0
57.080605,2366,0
57.053398,2367,0
57.051788,2368,0
57.094292,2369,0
57.191174,2370,0
57.334126,2371,0
57.502007,2372,0
57.689919,2373,0
57.870602,2374,0
58.005981,2375,0
58.080067,2376,0
58.099728,2377,0
58.070553,2378,0
57.99649,2379,0
57.881474,2380,0
57.735859,2381,0
57.586597,2382,0
57.45509,2383,0
57.349945,2384,0
57.275215,2385,0
57.225754,2386,0
57.187534,2387,0
57.185596,2388,0
57.207043,2389,0
57.271168,2390,0
57.387344,2391,0
57.547207,2392,0
57.748459,2393,0
57.97121,2394,0
58.203701,2395,0
58.409611,2396,0
58.585449,2397,0
58.712894,2398,0
58.783157,2399,0
58.819942,2400,0
58.824745,2401,0
58.783604,2402,0
58.68396,2403,0
58.550716,2404,0
58.380428,2405,0
58.167912,2406,0
57.991138,2407,0
57.824364,2408,0
57.692574,2409,0
57.600876,2410,0
57.545197,2411,0
57.517456,2412,0
57.528244,2413,0
57.574554,2414,0
57.653507,2415,0
57.728661,2416,0
57.757458,2417,0
57.720894,2418,0
57.618011,2419,0
57.460991,2420,0
57.281162,2421,0
57.058247,2422,0
56.795937,2423,0
56.536255,2424,0
56.295406,2425,0
56.088863,2426,0
55.943981,2427,0
55.855522,2428,0
55.821095,2429,0
55.845936,2430,0
55.908096,2431,0
55.978374,2432,0
56.011974,2433,0
56.023502,2434,0
55.994598,2435,0
55.916073,2436,0
55.843109,2437,0
55.763287,2438,0
55.699165,2439,0
55.654068,2440,0
55.613121,2441,0
55.585316,2442,0
55.553795,2443,0
55.549767,2444,0
55.601265,2445,0
55.694042,2446,0
55.828663,2447,0
55.998901,2448,0
56.188946,2449,0
56.396641,2450,0
56.623497,2451,0
56.862793,2452,0
57.069267,2453,0
57.204803,2454,0
57.27,2455,0
57.25597,2456,0
57.142372,2457,0
56.938133,2458,0
56.667549,2459,0
56.36462,2460,0
56.059135,2461,0
55.786224,2462,0
55.578316,2463,0
55.441406,2464,0
55.38538,2465,0
55.37479,2466,0
55.38517,2467,0
55.435307,2468,0
55.507618,2469,0
55.571152,2470,0
55.599411,2471,0
55.599087,2472,0
55.564472,2473,0
55.465919,2474,0
55.328457,2475,0
55.161568,2476,0
54.977596,2477,0
54.76577,2478,0
54.536488,2479,0
54.339745,2480,0
54.221016,2481,0
54.195801,2482,0
54.282421,2483,0
54.448315,2484,0
54.665615,2485,0
54.896904,2486,0
55.107533,2487,0
55.269058,2488,0
55.389652,2489,0
55.461704,2490,0
55.464619,2491,0
55.440548,2492,0
55.414009,2493,0
55.424316,2494,0
55.524498,2495,0
55.735096,2496,0
56.049351,2497,0
56.459156,2498,0
56.930004,2499,0
57.402206,2500,0
57.824512,2501,0
58.17672,2502,0
58.402164,2503,0
58.476742,2504,0
58.363792,2505,0
58.067551,2506,0
57.614468,2507,0
57.02581,2508,0
56.37413,2509,0
55.694599,2510,0
55.052296,2511,0
54.462509,2512,0
53.951916,2513,0
53.53326,2514,0
53.205902,2515,0
52.971577,2516,0
52.80669,2517,0
52.712563,2518,0
52.656654,2519,0
52.646683,2520,0
52.656879,2521,0
52.657524,2522,0
52.639351,2523,0
52.597435,2524,0
52.549141,2525,0
52.502872,2526,0
52.489391,2527,0
52.543022,2528,0
52.654072,2529,0
52.824501,2530,0
53.048672,2531,0
53.294682,2532,0
53.50909,2533,0
53.687943,2534,0
53.799263,2535,0
53.861778,2536,0
53.875538,2537,0
53.843651,2538,0
53.777714,2539,0
53.66415,2540,0
53.555702,2541,0
53.465527,2542,0
53.386864,2543,0
53.31496,2544,0
53.2486,2545,0
53.160561,2546,0
53.06234,2547,0
52.973423,2548,0
52.925465,2549,0
52.880787,2550,0
52.844032,2551,0
52.834015,2552,0
52.852875,2553,0
52.883091,2554,0
52.945892,2555,0
53.04266,2556,0
53.155376,2557,0
53.274296,2558,0
53.392582,2559,0
53.506859,2560,0
53.615532,2561,0
53.709145,2562,0
53.792828,2563,0
53.884541,2564,0
53.986557,2565,0
54.104664,2566,0
54.216774,2567,0
54.305862,2568,0
54.347359,2569,0
54.323727,2570,0
54.208973,2571,0
54.03828,2572,0
53.811005,2573,0
53.547909,2574,0
53.26371,2575,0
52.973949,2576,0
52.678375,2577,0
52.394321,2578,0
52.131378,2579,0
51.911198,2580,0
51.735565,2581,0
51.603214,2582,0
51.530327,2583,0
51.502144,2584,0
51.517208,2585,0
51.574387,2586,0
51.649029,2587,0
51.722549,2588,0
51.810791,2589,0
51.894657,2590,0
51.949257,2591,0
51.945755,2592,0
51.875195,2593,0
51.725784,2594,0
51.526768,2595,0
51.308369,2596,0
51.093491,2597,0
50.90274,2598,0
50.762276,2599,0
50.672497,2600,0
50.632687,2601,0
50.639938,2602,0
50.684956,2603,0
50.752235,2604,0
50.844868,2605,0
50.957741,2606,0
51.096447,2607,0
51.244862,2608,0
51.411068,2609,0
51.594955,2610,0
51.761963,2611,0
51.889751,2612,0
51.959728,2613,0
51.964981,2614,0
51.905407,2615,0
51.819225,2616,0
51.723446,2617,0
51.657372,2618,0
51.656002,2619,0
51.7938,2620,0
52.118759,2621,0
52.64143,2622,1
53.344063,2623,0
54.184738,2624,0
55.128483,2625,0
56.140446,2626,0
57.193619,2627,0
58.301735,2628,0
59.425243,2629,0
60.528664,2630,0
61.586861,2631,0
62.589462,2632,0
63.498501,2633,0
64.306519,2634,0
65.012009,2635,0
65.62767,2636,0
66.157166,2637,0
66.566727,2638,0
66.861282,2639,0
67.012634,2640,0
67.021378,2641,0
66.881691,2642,0
66.627205,2643,0
66.321159,2644,0
65.996857,2645,0
65.711823,2646,0
65.48703,2647,0
65.329483,2648,0
65.243805,2649,0
65.224083,2650,0
65.244919,2651,0
65.295715,2652,0
65.353142,2653,0
65.408409,2654,0
65.47673,2655,0
65.563263,2656,0
65.68779,2657,0
65.852623,2658,0
66.038239,2659,0
66.235504,2660,0
66.3993,2661,0
66.523857,2662,0
66.615021,2663,0
66.676422,2664,0
66.731178,2665,0
66.751434,2666,0
66.742577,2667,0
66.670868,2668,0
66.546989,2669,0
66.395706,2670,0
66.193573,2671,0
65.971298,2672,0
65.727806,2673,0
65.461029,2674,0
65.175034,2675,0
64.874962,2676,0
64.600822,2677,0
64.363152,2678,0
64.154137,2679,0
63.961422,2680,0
63.778706,2681,0
63.572857,2682,0
63.337711,2683,0
63.061943,2684,0
62.743656,2685,0
62.418949,2686,0
62.103661,2687,0
61.825253,2688,0
61.596519,2689,0
61.423065,2690,0
61.302433,2691,0
61.220112,2692,0
61.16748,2693,0
61.137817,2694,0
61.149467,2695,0
61.209843,2696,0
61.330948,2697,0
61.49165,2698,0
61.67667,2699,0
61.848804,2700,0
61.973488,2701,0
62.044277,2702,0
62.071434,2703,0
62.058834,2704,0
61.974377,2705,0
61.854565,2706,0
61.724693,2707,0
61.611923,2708,0
61.530346,2709,0
61.465389,2710,0
61.432613,2711,0
61.439884,2712,0
61.458736,2713,0
61.471546,2714,0
61.4669,2715,0
61.412777,2716,0
61.296959,2717,0
61.111778,2718,0
60.851078,2719,0
60.539623,2720,0
60.212486,2721,0
59.910275,2722,0
59.653175,2723,0
59.462067,2724,0
59.351967,2725,0
59.319157,2726,0
59.343803,2727,0
59.427048,2728,0
59.568359,2729,0
59.750172,2730,0
59.958115,2731,0
60.143265,2732,0
60.290688,2733,0
60.356369,2734,0
60.333042,2735,0
60.239079,2736,0
60.086025,2737,0
59.878353,2738,0
59.641937,2739,0
59.35508,2740,0
59.022671,2741,0
58.656174,2742,0
58.273716,2743,0
57.902359,2744,0
57.594296,2745,0
57.378929,2746,0
57.254948,2747,0
57.25211,2748,0
57.383583,2749,0
57.621891,2750,0
57.934776,2751,0
58.284302,2752,0
58.66481,2753,0
59.063,2754,0
59.427368,2755,0
59.732372,2756,0
59.968399,2757,0
60.125626,2758,0
60.188389,2759,0
60.168747,2760,0
60.099735,2761,0
59.983208,2762,0
59.846241,2763,0
59.692818,2764,0
59.532032,2765,0
59.373535,2766,0
59.204193,2767,0
59.018978,2768,0
58.820477,2769,0
58.608356,2770,0
58.380253,2771,0
58.138615,2772,0
57.892307,2773,0
57.646671,2774,0
57.405087,2775,0
57.190147,2776,0
57.013855,2777,0
56.919453,2778,0
56.927158,2779,0
57.006172,2780,0
57.177765,2781,0
57.444408,2782,0
57.707352,2783,0
57.988369,2784,0
58.291889,2785,0
